<application>
  <component name="AndroidLogcatFilterHistory">
    <option name="favorites">
      <list>
        <option value="package:com.ea.aiot.eaglelauncher " />
      </list>
    </option>
    <option name="mostRecentlyUsed" value="yinazh" />
    <option name="nonFavorites">
      <list>
        <option value="yinazh" />
        <option value="package:mine " />
        <option value="yinaz" />
        <option value="tag:yinazh" />
        <option value="level:error " />
        <option value="WiFi扫描结果" />
        <option value="wifi" />
        <option value="dnake_media" />
        <option value="okhttp" />
        <option value="package:mine" />
        <option value="package:mine -tag:yinazh" />
        <option value="package:mine -message:NetworkCallback" />
        <option value="package:mine -message:" />
        <option value="package:mine -" />
        <option value="MainActivity" />
        <option value="tag:LocalConfigFragment" />
        <option value="tag:WifiFragment  " />
        <option value="tag=:WifiFragment " />
        <option value="level:error" />
        <option value="package:com.ea.aiot.falconlauncher" />
      </list>
    </option>
  </component>
</application>